<application>
  <component name="PluginPropertiesComponent">
    <option name="daySchemeName" value="_@user_GitHub (Material)" />
    <option name="dayStartTime" value="421" />
    <option name="dayThemeName" value="GitHub" />
    <option name="enabled" value="true" />
    <option name="nightSchemeName" value="_@user_Atom One Dark" />
    <option name="nightStartTime" value="1140" />
    <option name="nightThemeName" value="Atom One Dark" />
    <option name="schemePickEnabled" value="true" />
  </component>
</application>