<application>
  <component name="CssEmmetOptions">
    <option name="autoInsertCssPrefixedEnabled" value="false" />
    <option name="prefixes">
      <map>
        <entry key="accelerator" value="4" />
        <entry key="accesskey" value="8" />
        <entry key="animation" value="9" />
        <entry key="animation-delay" value="11" />
        <entry key="animation-direction" value="11" />
        <entry key="animation-duration" value="11" />
        <entry key="animation-fill-mode" value="11" />
        <entry key="animation-iteration-count" value="11" />
        <entry key="animation-name" value="11" />
        <entry key="animation-play-state" value="11" />
        <entry key="animation-timing-function" value="11" />
        <entry key="appearance" value="3" />
        <entry key="backface-visibility" value="7" />
        <entry key="background-clip" value="3" />
        <entry key="background-composite" value="1" />
        <entry key="background-inline-policy" value="2" />
        <entry key="background-origin" value="1" />
        <entry key="background-position-x" value="4" />
        <entry key="background-position-y" value="4" />
        <entry key="background-size" value="0" />
        <entry key="behavior" value="4" />
        <entry key="binding" value="2" />
        <entry key="block-progression" value="4" />
        <entry key="border-bottom-colors" value="2" />
        <entry key="border-fit" value="1" />
        <entry key="border-horizontal-spacing" value="1" />
        <entry key="border-image" value="11" />
        <entry key="border-left-colors" value="2" />
        <entry key="border-radius" value="3" />
        <entry key="border-right-colors" value="2" />
        <entry key="border-top-colors" value="2" />
        <entry key="border-vertical-spacing" value="1" />
        <entry key="box-align" value="7" />
        <entry key="box-direction" value="7" />
        <entry key="box-flex" value="7" />
        <entry key="box-flex-group" value="1" />
        <entry key="box-line-progression" value="4" />
        <entry key="box-lines" value="5" />
        <entry key="box-ordinal-group" value="7" />
        <entry key="box-orient" value="7" />
        <entry key="box-pack" value="7" />
        <entry key="box-reflect" value="1" />
        <entry key="box-shadow" value="3" />
        <entry key="box-sizing" value="3" />
        <entry key="color-correction" value="1" />
        <entry key="column-break-after" value="1" />
        <entry key="column-break-before" value="1" />
        <entry key="column-break-inside" value="1" />
        <entry key="column-count" value="3" />
        <entry key="column-gap" value="3" />
        <entry key="column-rule-color" value="3" />
        <entry key="column-rule-style" value="3" />
        <entry key="column-rule-width" value="3" />
        <entry key="column-span" value="1" />
        <entry key="column-width" value="3" />
        <entry key="content-zoom-boundary" value="4" />
        <entry key="content-zoom-boundary-max" value="4" />
        <entry key="content-zoom-boundary-min" value="4" />
        <entry key="content-zoom-chaining" value="4" />
        <entry key="content-zoom-snap" value="4" />
        <entry key="content-zoom-snap-points" value="4" />
        <entry key="content-zoom-snap-type" value="4" />
        <entry key="content-zooming" value="4" />
        <entry key="dashboard-region" value="9" />
        <entry key="filter" value="4" />
        <entry key="float-edge" value="2" />
        <entry key="flow-from" value="5" />
        <entry key="flow-into" value="4" />
        <entry key="font-feature-settings" value="6" />
        <entry key="font-language-override" value="2" />
        <entry key="font-smoothing" value="1" />
        <entry key="force-broken-image-icon" value="2" />
        <entry key="grid-column" value="4" />
        <entry key="grid-column-align" value="4" />
        <entry key="grid-column-span" value="4" />
        <entry key="grid-columns" value="4" />
        <entry key="grid-layer" value="4" />
        <entry key="grid-row" value="4" />
        <entry key="grid-row-align" value="4" />
        <entry key="grid-row-span" value="4" />
        <entry key="grid-rows" value="4" />
        <entry key="high-contrast-adjust" value="4" />
        <entry key="highlight" value="1" />
        <entry key="hyphenate-character" value="1" />
        <entry key="hyphenate-limit-after" value="1" />
        <entry key="hyphenate-limit-before" value="1" />
        <entry key="hyphenate-limit-chars" value="4" />
        <entry key="hyphenate-limit-lines" value="4" />
        <entry key="hyphenate-limit-zone" value="4" />
        <entry key="hyphens" value="7" />
        <entry key="image-region" value="2" />
        <entry key="ime-mode" value="4" />
        <entry key="input-format" value="8" />
        <entry key="input-required" value="8" />
        <entry key="interpolation-mode" value="4" />
        <entry key="layout-flow" value="4" />
        <entry key="layout-grid" value="4" />
        <entry key="layout-grid-char" value="4" />
        <entry key="layout-grid-line" value="4" />
        <entry key="layout-grid-mode" value="4" />
        <entry key="layout-grid-type" value="4" />
        <entry key="line-box-contain" value="1" />
        <entry key="line-break" value="5" />
        <entry key="line-clamp" value="1" />
        <entry key="link" value="8" />
        <entry key="link-source" value="8" />
        <entry key="locale" value="1" />
        <entry key="margin-after-collapse" value="1" />
        <entry key="margin-before-collapse" value="1" />
        <entry key="marquee-dir" value="8" />
        <entry key="marquee-direction" value="1" />
        <entry key="marquee-increment" value="1" />
        <entry key="marquee-loop" value="8" />
        <entry key="marquee-repetition" value="1" />
        <entry key="marquee-speed" value="8" />
        <entry key="marquee-style" value="9" />
        <entry key="mask-attachment" value="1" />
        <entry key="mask-box-image" value="1" />
        <entry key="mask-box-image-outset" value="1" />
        <entry key="mask-box-image-repeat" value="1" />
        <entry key="mask-box-image-slice" value="1" />
        <entry key="mask-box-image-source" value="1" />
        <entry key="mask-box-image-width" value="1" />
        <entry key="mask-clip" value="1" />
        <entry key="mask-composite" value="1" />
        <entry key="mask-image" value="1" />
        <entry key="mask-origin" value="1" />
        <entry key="mask-position" value="1" />
        <entry key="mask-repeat" value="1" />
        <entry key="mask-size" value="1" />
        <entry key="nbsp-mode" value="1" />
        <entry key="object-fit" value="8" />
        <entry key="object-position" value="8" />
        <entry key="orient" value="2" />
        <entry key="outline-radius-bottomleft" value="2" />
        <entry key="outline-radius-bottomright" value="2" />
        <entry key="outline-radius-topleft" value="2" />
        <entry key="outline-radius-topright" value="2" />
        <entry key="overflow-style" value="4" />
        <entry key="perspective" value="7" />
        <entry key="perspective-origin" value="7" />
        <entry key="perspective-origin-x" value="4" />
        <entry key="perspective-origin-y" value="4" />
        <entry key="rtl-ordering" value="1" />
        <entry key="scroll-boundary" value="4" />
        <entry key="scroll-boundary-bottom" value="4" />
        <entry key="scroll-boundary-left" value="4" />
        <entry key="scroll-boundary-right" value="4" />
        <entry key="scroll-boundary-top" value="4" />
        <entry key="scroll-chaining" value="4" />
        <entry key="scroll-rails" value="4" />
        <entry key="scroll-snap-points-x" value="4" />
        <entry key="scroll-snap-points-y" value="4" />
        <entry key="scroll-snap-type" value="4" />
        <entry key="scroll-snap-x" value="4" />
        <entry key="scroll-snap-y" value="4" />
        <entry key="scrollbar-arrow-color" value="4" />
        <entry key="scrollbar-base-color" value="4" />
        <entry key="scrollbar-darkshadow-color" value="4" />
        <entry key="scrollbar-face-color" value="4" />
        <entry key="scrollbar-highlight-color" value="4" />
        <entry key="scrollbar-shadow-color" value="4" />
        <entry key="scrollbar-track-color" value="4" />
        <entry key="stack-sizing" value="2" />
        <entry key="svg-shadow" value="1" />
        <entry key="tab-size" value="10" />
        <entry key="table-baseline" value="8" />
        <entry key="text-align-last" value="4" />
        <entry key="text-autospace" value="4" />
        <entry key="text-blink" value="2" />
        <entry key="text-combine" value="1" />
        <entry key="text-decoration-color" value="2" />
        <entry key="text-decoration-line" value="2" />
        <entry key="text-decoration-style" value="2" />
        <entry key="text-decorations-in-effect" value="1" />
        <entry key="text-emphasis-color" value="1" />
        <entry key="text-emphasis-position" value="1" />
        <entry key="text-emphasis-style" value="1" />
        <entry key="text-fill-color" value="1" />
        <entry key="text-justify" value="4" />
        <entry key="text-kashida-space" value="4" />
        <entry key="text-orientation" value="1" />
        <entry key="text-overflow" value="4" />
        <entry key="text-security" value="1" />
        <entry key="text-size-adjust" value="6" />
        <entry key="text-stroke-color" value="1" />
        <entry key="text-stroke-width" value="1" />
        <entry key="text-underline-position" value="4" />
        <entry key="touch-action" value="4" />
        <entry key="transform" value="15" />
        <entry key="transform-origin" value="15" />
        <entry key="transform-origin-x" value="4" />
        <entry key="transform-origin-y" value="4" />
        <entry key="transform-origin-z" value="4" />
        <entry key="transform-style" value="7" />
        <entry key="transition" value="15" />
        <entry key="transition-delay" value="15" />
        <entry key="transition-duration" value="15" />
        <entry key="transition-property" value="15" />
        <entry key="transition-timing-function" value="15" />
        <entry key="user-drag" value="1" />
        <entry key="user-focus" value="2" />
        <entry key="user-input" value="2" />
        <entry key="user-modify" value="3" />
        <entry key="user-select" value="7" />
        <entry key="window-shadow" value="2" />
        <entry key="word-break" value="4" />
        <entry key="word-wrap" value="4" />
        <entry key="wrap-flow" value="4" />
        <entry key="wrap-margin" value="4" />
        <entry key="wrap-through" value="4" />
        <entry key="writing-mode" value="5" />
      </map>
    </option>
  </component>
  <component name="EmmetOptions">
    <option name="hrefAutoDetectEnabled" value="false" />
  </component>
</application>