<application>
  <component name="FileTypeManager" version="17">
    <ignoreFiles list="*.hprof;*.orig;*.pyc;*.pyo;*.rbc;*.yarb;*~;.DS_Store;.git;.hg;.svn;CVS;__pycache__;_svn;vssver.scc;vssver2.scc;" />
    <extensionMap>
      <mapping pattern="*.js.flow" type="Flow" />
      <mapping pattern="*.js.flow" type="Flow" />
      <mapping ext="gql" type="GraphQL" />
      <mapping pattern="createUserSaga" type="PLAIN_TEXT" />
      <mapping pattern="TaskGoalElementTableControlsContainer.test.tsx" type="PLAIN_TEXT" />
      <removed_mapping ext="log" approved="true" type="PLAIN_TEXT" />
      <removed_mapping ext="cmd" approved="true" type="PLAIN_TEXT" />
      <removed_mapping ext="bat" approved="true" type="PLAIN_TEXT" />
      <removed_mapping pattern="yarn.lock" approved="true" type="yarn.lock" />
      <removed_mapping pattern="css" approved="true" type="textmate" />
      <removed_mapping pattern="jakefile" approved="true" type="textmate" />
      <removed_mapping ext="jakefile" approved="true" type="textmate" />
      <removed_mapping pattern="pug" approved="true" type="textmate" />
      <removed_mapping ext="merge_msg" approved="true" type="textmate" />
      <removed_mapping pattern="py" approved="true" type="textmate" />
      <removed_mapping ext="py" approved="true" type="textmate" />
      <removed_mapping pattern="jscsrc" approved="true" type="textmate" />
      <removed_mapping pattern="patch" approved="true" type="textmate" />
      <removed_mapping ext="bat" approved="true" type="PLAIN_TEXT" />
      <removed_mapping ext="makefile" approved="true" type="textmate" />
      <removed_mapping pattern="shtml" approved="true" type="textmate" />
      <removed_mapping pattern="Snakefile" approved="true" type="textmate" />
      <removed_mapping pattern="bowerrc" approved="true" type="textmate" />
      <removed_mapping pattern="composer.lock" approved="true" type="textmate" />
      <removed_mapping ext="composer.lock" approved="true" type="textmate" />
      <removed_mapping pattern=".ember-cli" approved="true" type="textmate" />
      <removed_mapping ext=".ember-cli" approved="true" type="textmate" />
      <removed_mapping pattern="eslintrc" approved="true" type="textmate" />
      <removed_mapping ext="eslintrc" approved="true" type="textmate" />
      <removed_mapping pattern="diff" approved="true" type="textmate" />
      <removed_mapping pattern="groovy" approved="true" type="textmate" />
      <removed_mapping ext="groovy" approved="true" type="textmate" />
      <removed_mapping pattern="ipy" approved="true" type="textmate" />
      <removed_mapping ext="ipy" approved="true" type="textmate" />
      <removed_mapping pattern="yarn.lock" approved="true" type="yarn.lock" />
      <removed_mapping pattern="volt" approved="true" type="textmate" />
      <removed_mapping ext="volt" approved="true" type="textmate" />
      <removed_mapping ext="cmd" approved="true" type="PLAIN_TEXT" />
      <removed_mapping pattern="*.log.?" approved="true" type="textmate" />
      <removed_mapping ext="*.log.?" approved="true" type="textmate" />
      <removed_mapping pattern="psrc" approved="true" type="textmate" />
      <removed_mapping ext="psrc" approved="true" type="textmate" />
      <removed_mapping pattern="css.map" approved="true" type="textmate" />
      <removed_mapping ext="css.map" approved="true" type="textmate" />
      <removed_mapping ext="log" approved="true" type="PLAIN_TEXT" />
      <removed_mapping pattern="log" approved="true" type="textmate" />
      <removed_mapping pattern="jsp" approved="true" type="textmate" />
      <removed_mapping pattern=".watchmanconfig" approved="true" type="textmate" />
      <removed_mapping ext=".watchmanconfig" approved="true" type="textmate" />
      <removed_mapping pattern="es6" approved="true" type="textmate" />
      <removed_mapping pattern="js" approved="true" type="textmate" />
      <removed_mapping pattern="jsx" approved="true" type="textmate" />
      <removed_mapping pattern="Jenkinsfile" approved="true" type="textmate" />
      <removed_mapping pattern="smk" approved="true" type="textmate" />
      <removed_mapping ext="smk" approved="true" type="textmate" />
      <removed_mapping pattern="gypi" approved="true" type="textmate" />
      <removed_mapping ext="gypi" approved="true" type="textmate" />
      <removed_mapping pattern="rhtml" approved="true" type="textmate" />
      <removed_mapping ext="rhtml" approved="true" type="textmate" />
      <removed_mapping pattern="gvy" approved="true" type="textmate" />
      <removed_mapping ext="gvy" approved="true" type="textmate" />
      <removed_mapping pattern="ejs" approved="true" type="textmate" />
      <removed_mapping pattern="gradle" approved="true" type="textmate" />
      <removed_mapping ext="gradle" approved="true" type="textmate" />
      <removed_mapping pattern="jsonc" approved="true" type="textmate" />
      <removed_mapping ext="jsonc" approved="true" type="textmate" />
      <removed_mapping pattern="mjs" approved="true" type="textmate" />
      <removed_mapping ext="php" approved="true" type="PHP" />
      <removed_mapping pattern="js.map" approved="true" type="textmate" />
      <removed_mapping ext="js.map" approved="true" type="textmate" />
      <removed_mapping pattern="swcrc" approved="true" type="textmate" />
      <removed_mapping ext="swcrc" approved="true" type="textmate" />
      <removed_mapping pattern="asp" approved="true" type="textmate" />
      <removed_mapping ext="asp" approved="true" type="textmate" />
      <removed_mapping pattern="pyi" approved="true" type="textmate" />
      <removed_mapping ext="pyi" approved="true" type="textmate" />
      <removed_mapping pattern="hintrc" approved="true" type="textmate" />
      <removed_mapping ext="hintrc" approved="true" type="textmate" />
      <removed_mapping pattern="ps1" approved="true" type="textmate" />
      <removed_mapping ext="ps1" approved="true" type="textmate" />
      <removed_mapping pattern="pyw" approved="true" type="textmate" />
      <removed_mapping ext="pyw" approved="true" type="textmate" />
      <removed_mapping pattern="pac" approved="true" type="textmate" />
      <removed_mapping ext="pac" approved="true" type="textmate" />
      <removed_mapping pattern="psm1" approved="true" type="textmate" />
      <removed_mapping ext="psm1" approved="true" type="textmate" />
      <removed_mapping pattern="rej" approved="true" type="textmate" />
      <removed_mapping ext="rej" approved="true" type="textmate" />
      <removed_mapping pattern="aspx" approved="true" type="textmate" />
      <removed_mapping ext="aspx" approved="true" type="textmate" />
      <removed_mapping pattern="mdoc" approved="true" type="textmate" />
      <removed_mapping ext="mdoc" approved="true" type="textmate" />
      <removed_mapping pattern="html" approved="true" type="textmate" />
      <removed_mapping pattern="MERGE_MSG" approved="true" type="textmate" />
      <removed_mapping pattern=".php" approved="true" type="PHP" />
      <removed_mapping pattern="jshintrc" approved="true" type="textmate" />
      <removed_mapping pattern="psd1" approved="true" type="textmate" />
      <removed_mapping ext="psd1" approved="true" type="textmate" />
      <removed_mapping pattern="babelrc" approved="true" type="textmate" />
      <removed_mapping ext="babelrc" approved="true" type="textmate" />
      <removed_mapping pattern="pssc" approved="true" type="textmate" />
      <removed_mapping ext="pssc" approved="true" type="textmate" />
      <removed_mapping pattern="less" approved="true" type="textmate" />
      <removed_mapping ext="snakefile" approved="true" type="textmate" />
      <removed_mapping pattern="cpy" approved="true" type="textmate" />
      <removed_mapping ext="cpy" approved="true" type="textmate" />
      <removed_mapping pattern="snakefile" approved="true" type="textmate" />
      <removed_mapping pattern="gyp" approved="true" type="textmate" />
      <removed_mapping ext="gyp" approved="true" type="textmate" />
      <removed_mapping ext=".gitignore" approved="true" type="textmate" />
      <removed_mapping pattern="webmanifest" approved="true" type="textmate" />
      <removed_mapping ext="webmanifest" approved="true" type="textmate" />
      <removed_mapping pattern="jade" approved="true" type="textmate" />
      <removed_mapping pattern="git-rebase-todo" approved="true" type="textmate" />
      <removed_mapping ext="git-rebase-todo" approved="true" type="textmate" />
      <removed_mapping pattern="json" approved="true" type="textmate" />
      <removed_mapping pattern="htm" approved="true" type="textmate" />
      <removed_mapping pattern="COMMIT_EDITMSG" approved="true" type="textmate" />
      <removed_mapping ext="dockerfile" approved="true" type="textmate" />
      <removed_mapping pattern="dockerfile" approved="true" type="textmate" />
      <removed_mapping ext="jenkinsfile" approved="true" type="textmate" />
      <removed_mapping ext="commit_editmsg" approved="true" type="textmate" />
      <removed_mapping pattern="xhtml" approved="true" type="textmate" />
      <removed_mapping pattern="Dockerfile" approved="true" type="textmate" />
      <removed_mapping pattern="jshtm" approved="true" type="textmate" />
      <removed_mapping ext="jshtm" approved="true" type="textmate" />
      <removed_mapping pattern="rpy" approved="true" type="textmate" />
      <removed_mapping ext="rpy" approved="true" type="textmate" />
    </extensionMap>
  </component>
</application>