<application>
  <component name="ExportableFileTemplateSettings">
    <default_templates>
      <template name="Interface File.ts" reformat="false" live-template-enabled="true" />
      <template name="Storybook File.tsx" reformat="false" live-template-enabled="true" />
    </default_templates>
    <internal_templates>
      <template name="TypeScript File.ts" reformat="false" live-template-enabled="false" enabled="true" />
      <template name="TypeScript JSX File.tsx" reformat="false" live-template-enabled="false" enabled="true" />
    </internal_templates>
  </component>
</application>