<application>
  <component name="IntentionManagerSettings">
    <ignoreAction name="JavaScript/Quote property names" />
    <ignoreAction name="CoffeeScript/Replace Double-Quoted String with Single-Quoted String" />
    <ignoreAction name="CoffeeScript/Replace Single-Quoted String with Double-Quoted String" />
    <ignoreAction name="Dart/Quick assist powered by the Dart Analysis Server" />
    <ignoreAction name="Flow JS/Specify variable type explicitly" />
    <ignoreAction name="GraphQL/Create 'enum'" />
    <ignoreAction name="GraphQL/Create 'input'" />
    <ignoreAction name="GraphQL/Create 'interface'" />
    <ignoreAction name="GraphQL/Create 'scalar'" />
    <ignoreAction name="GraphQL/Create 'type'" />
    <ignoreAction name="GraphQL/Create 'union'" />
    <ignoreAction name="JavaScript/Convert anonymous function to named function" />
    <ignoreAction name="JavaScript/Convert parameters to object" />
    <ignoreAction name="JavaScript/Convert parameters to object and introduce interface" />
    <ignoreAction name="JavaScript/Convert to forEach call on array" />
    <ignoreAction name="JavaScript/Convert to function expression" />
    <ignoreAction name="JavaScript/Edit values of object literal properties" />
    <ignoreAction name="JavaScript/Install @types for the package" />
    <ignoreAction name="JavaScript/Introduce local variable" />
    <ignoreAction name="JavaScript/Join subsequent variable declarations" />
    <ignoreAction name="JavaScript/Replace with indexer access" />
    <ignoreAction name="JavaScript/Replace with property access" />
    <ignoreAction name="JavaScript/Split declarations" />
    <ignoreAction name="JavaScript/Swap method call arguments" />
    <ignoreAction name="Language Injection/Edit Injected Fragment" />
    <ignoreAction name="Markdown/Hide errors in code fences" />
    <ignoreAction name="Other/Flip ','" />
    <ignoreAction name="React/Convert to class component" />
    <ignoreAction name="React/Convert to functional component" />
    <ignoreAction name="RegExp/Check RegExp" />
    <ignoreAction name="Shell Script/Explain shell" />
    <ignoreAction name="Shell Script/Rename all occurrences" />
    <ignoreAction name="VueJS/Extract Vue Component" />
    <ignoreAction name="JavaScript/Unquote property names" />
    <ignoreAction name="JavaScript/Boolean/DeMorgan Law" />
    <ignoreAction name="JavaScript/Boolean/Flip Comparison" />
    <ignoreAction name="JavaScript/Boolean/Flip Conjunction Operands" />
    <ignoreAction name="JavaScript/Boolean/Negate Comparison" />
    <ignoreAction name="JavaScript/Boolean/Remove Boolean Equality" />
    <ignoreAction name="JavaScript/Comments/Move Comment To Separate Line" />
    <ignoreAction name="JavaScript/Comments/Replace With Block Comment" />
    <ignoreAction name="JavaScript/Comments/Replace With End Of Line Comment" />
    <ignoreAction name="JavaScript/Conditional Operator/Flip Conditional" />
    <ignoreAction name="JavaScript/Conditional Operator/Flip If" />
    <ignoreAction name="JavaScript/Conditional Operator/Remove Pointless Conditional" />
    <ignoreAction name="JavaScript/Conditional Operator/Replace Conditional With If Else" />
    <ignoreAction name="JavaScript/Conditional Operator/Replace If Else With Conditional" />
    <ignoreAction name="JavaScript/Control Flow/Add Braces" />
    <ignoreAction name="JavaScript/Control Flow/Merge Else If" />
    <ignoreAction name="JavaScript/Control Flow/Merge Equivalent Ifs To ORed Condition" />
    <ignoreAction name="JavaScript/Control Flow/Merge Nested Ifs To ANDed Condition" />
    <ignoreAction name="JavaScript/Control Flow/Merge Parallel For Loops" />
    <ignoreAction name="JavaScript/Control Flow/Merge Parallel For-In Loops" />
    <ignoreAction name="JavaScript/Control Flow/Merge Parallel Ifs" />
    <ignoreAction name="JavaScript/Control Flow/Remove Braces" />
    <ignoreAction name="JavaScript/Control Flow/Remove Redundant Else" />
    <ignoreAction name="JavaScript/Control Flow/Replace If With Switch" />
    <ignoreAction name="JavaScript/Control Flow/Replace Switch With If" />
    <ignoreAction name="JavaScript/Control Flow/Simplify If Else" />
    <ignoreAction name="JavaScript/Control Flow/Split ANDed Condition To Nested Ifs" />
    <ignoreAction name="JavaScript/Control Flow/Split Else If" />
    <ignoreAction name="JavaScript/Control Flow/Split ORed Condition To Equivalent Ifs" />
    <ignoreAction name="JavaScript/Declaration/Split Declaration And Initialization" />
    <ignoreAction name="JavaScript/Declaration/Split Declaration And Move To Scope Start" />
    <ignoreAction name="JavaScript/ECMAScript 6/Add default export" />
    <ignoreAction name="JavaScript/ECMAScript 6/Add export" />
    <ignoreAction name="JavaScript/ECMAScript 6/Change ES6 import " />
    <ignoreAction name="JavaScript/ECMAScript 6/Convert 'forEach' to 'for..of'" />
    <ignoreAction name="JavaScript/ECMAScript 6/Convert arrow function to anonymous function" />
    <ignoreAction name="JavaScript/ECMAScript 6/Convert function and its member declarations to class" />
    <ignoreAction name="JavaScript/ECMAScript 6/Convert template string to use visible line separators" />
    <ignoreAction name="JavaScript/ECMAScript 6/Convert to async function" />
    <ignoreAction name="JavaScript/ECMAScript 6/Convert to multi-line string template" />
    <ignoreAction name="JavaScript/ECMAScript 6/Create Getter" />
    <ignoreAction name="JavaScript/ECMAScript 6/Create Getter and Setter" />
    <ignoreAction name="JavaScript/ECMAScript 6/Create Setter" />
    <ignoreAction name="JavaScript/ECMAScript 6/Create derived class / Implement interface" />
    <ignoreAction name="JavaScript/ECMAScript 6/Declare explicit class fields" />
    <ignoreAction name="JavaScript/ECMAScript 6/Generate destructuring pattern" />
    <ignoreAction name="JavaScript/ECMAScript 6/Initialize new fields from parameters" />
    <ignoreAction name="JavaScript/ECMAScript 6/Introduce object or array destructuring" />
    <ignoreAction name="JavaScript/ECMAScript 6/Iterate with for..of" />
    <ignoreAction name="JavaScript/ECMAScript 6/Move to a file with matching name" />
    <ignoreAction name="JavaScript/ECMAScript 6/Propagate to destructuring declaration" />
    <ignoreAction name="JavaScript/ECMAScript 6/Remove digit separators" />
    <ignoreAction name="JavaScript/ECMAScript 6/Rename file to match type name" />
    <ignoreAction name="JavaScript/ECMAScript 6/Replace destructuring with property and index access" />
    <ignoreAction name="JavaScript/ECMAScript 6/Replace with 'await Promise.all'" />
    <ignoreAction name="JavaScript/ECMAScript 6/Replace with array destructuring" />
    <ignoreAction name="JavaScript/ECMAScript 6/Replace with destructuring and short-hand properties" />
    <ignoreAction name="JavaScript/ECMAScript 6/Replace with object destructuring" />
    <ignoreAction name="JavaScript/ECMAScript 6/Separate digits" />
    <ignoreAction name="JavaScript/Numbers/Convert To Binary" />
    <ignoreAction name="JavaScript/Numbers/Convert To Decimal" />
    <ignoreAction name="JavaScript/Numbers/Convert To Hexadecimal" />
    <ignoreAction name="JavaScript/Numbers/Convert To Octal" />
    <ignoreAction name="JavaScript/Other/Compute Constant Value" />
    <ignoreAction name="JavaScript/Other/Compute Constant Value For Subexpression" />
    <ignoreAction name="JavaScript/Other/Extract Increment" />
    <ignoreAction name="JavaScript/Other/Join Concatenated String Literals" />
    <ignoreAction name="JavaScript/Other/Replace Assignment With Operator Assignment" />
    <ignoreAction name="JavaScript/Other/Replace Double-Quoted String with Single-Quoted String" />
    <ignoreAction name="JavaScript/Other/Replace Single-Quoted String with Double-Quoted String" />
    <ignoreAction name="JavaScript/Shift Operation/Replace Multiply with Shift" />
    <ignoreAction name="JavaScript/Shift Operation/Replace Shift with Multiply" />
    <ignoreAction name="TypeScript/Add explicit enum values" />
    <ignoreAction name="TypeScript/Convert field to parameter property" />
    <ignoreAction name="TypeScript/Convert parameter property to class field" />
    <ignoreAction name="TypeScript/Convert type alias to enum" />
    <ignoreAction name="TypeScript/Convert type alias to interface" />
    <ignoreAction name="TypeScript/Disable coloring of type guard narrowed types" />
    <ignoreAction name="TypeScript/Generate reference path comment" />
    <ignoreAction name="TypeScript/Implement in derived classes" />
    <ignoreAction name="TypeScript/Introduce parameter-properties for unused parameters" />
    <ignoreAction name="TypeScript/Make 'private'" />
    <ignoreAction name="TypeScript/Make 'protected'" />
    <ignoreAction name="TypeScript/Make 'public'" />
    <ignoreAction name="XML/Add Xsi schema location for external resource" />
    <ignoreAction name="XML/Choose Color" />
    <ignoreAction name="XML/Collapse empty tag" />
    <ignoreAction name="XML/Convert CDATA to text" />
    <ignoreAction name="XML/Convert attribute to child element" />
    <ignoreAction name="XML/Convert tag to attribute" />
    <ignoreAction name="XML/Convert text to CData" />
    <ignoreAction name="XML/Expand empty tag" />
    <ignoreAction name="XML/Fetch external resource" />
    <ignoreAction name="XML/Insert namespace prefix" />
    <ignoreAction name="XML/Manually setup external resource" />
    <ignoreAction name="XML/Merge Tags" />
    <ignoreAction name="XML/Rearrange tag attributes" />
    <ignoreAction name="XML/Remove attribute" />
    <ignoreAction name="XML/Remove tag" />
    <ignoreAction name="XML/Reset to default namespace" />
    <ignoreAction name="XML/Split current tag" />
  </component>
</application>