<application>
  <component name="MaterialThemeConfig">
    <option name="allowDataCollection" value="true" />
    <option name="highlightColorEnabled" value="true" />
    <option name="isWizardShown" value="true" />
    <option name="pristineConfig" value="false" />
    <option name="useMaterialIcons" value="false" />
    <option name="rightTreeIndent" value="6" />
    <option name="accentColor" value="79cb60" />
    <option name="selectedTheme" value="GITHUB" />
    <option name="userId" value="bd2b734:16bb0359842:-8000" />
    <option name="version" value="4.11.5" />
  </component>
</application>