<keymap version="1" name="Mac OS X 10.5+ copy" parent="Mac OS X 10.5+">
  <action id="ActivateTerminalToolWindow">
    <keyboard-shortcut first-keystroke="alt f12" />
    <keyboard-shortcut first-keystroke="meta t" />
  </action>
  <action id="BaseOnThisFunction" />
  <action id="CheckinProject" />
  <action id="CodeCompletion">
    <keyboard-shortcut first-keystroke="ctrl space" />
    <keyboard-shortcut first-keystroke="ctrl meta space" />
  </action>
  <action id="DartTypeHierarchy.BaseOnThisType" />
  <action id="Diff.ShowSettingsPopup" />
  <action id="DuplicatesForm.SendToLeft" />
  <action id="EditorCloneCaretBelow">
    <keyboard-shortcut first-keystroke="shift meta d" />
  </action>
  <action id="EditorCutLineEnd" />
  <action id="EditorDown">
    <keyboard-shortcut first-keystroke="down" />
    <keyboard-shortcut first-keystroke="ctrl j" />
    <keyboard-shortcut first-keystroke="ctrl n" />
  </action>
  <action id="EditorUp">
    <keyboard-shortcut first-keystroke="up" />
    <keyboard-shortcut first-keystroke="ctrl p" />
    <keyboard-shortcut first-keystroke="ctrl k" />
  </action>
  <action id="EmojiAndSymbols" />
  <action id="FileChooser.GotoHome" />
  <action id="FindNext" />
  <action id="Forward">
    <keyboard-shortcut first-keystroke="meta close_bracket" />
    <keyboard-shortcut first-keystroke="meta alt right" />
    <mouse-shortcut keystroke="button5" />
    <keyboard-shortcut first-keystroke="ctrl l" />
  </action>
  <action id="Git.Commit.And.Push.Executor" />
  <action id="GotoAction">
    <keyboard-shortcut first-keystroke="shift meta p" />
  </action>
  <action id="GotoDeclaration">
    <keyboard-shortcut first-keystroke="meta b" />
    <mouse-shortcut keystroke="meta button1" />
    <mouse-shortcut keystroke="button2" />
    <keyboard-shortcut first-keystroke="ctrl g" />
    <keyboard-shortcut first-keystroke="meta g" />
  </action>
  <action id="MethodHierarchy" />
  <action id="MoveLineDown">
    <keyboard-shortcut first-keystroke="shift alt down" />
    <keyboard-shortcut first-keystroke="meta alt j" />
  </action>
  <action id="MoveLineUp">
    <keyboard-shortcut first-keystroke="shift alt up" />
    <keyboard-shortcut first-keystroke="meta alt k" />
  </action>
  <action id="NextSplitter">
    <keyboard-shortcut first-keystroke="alt tab" />
    <keyboard-shortcut first-keystroke="shift meta l" />
  </action>
  <action id="NextTab">
    <keyboard-shortcut first-keystroke="shift meta close_bracket" />
    <keyboard-shortcut first-keystroke="ctrl right" />
    <keyboard-shortcut first-keystroke="shift meta k" />
  </action>
  <action id="PrevSplitter">
    <keyboard-shortcut first-keystroke="shift alt tab" />
    <keyboard-shortcut first-keystroke="shift meta h" />
  </action>
  <action id="PreviousTab">
    <keyboard-shortcut first-keystroke="shift meta open_bracket" />
    <keyboard-shortcut first-keystroke="ctrl left" />
    <keyboard-shortcut first-keystroke="shift meta j" />
  </action>
  <action id="QuickJavaDoc">
    <keyboard-shortcut first-keystroke="f1" />
    <mouse-shortcut keystroke="control button2" />
  </action>
  <action id="Refactorings.QuickListPopupAction">
    <keyboard-shortcut first-keystroke="ctrl r" />
    <keyboard-shortcut first-keystroke="ctrl meta r" />
  </action>
  <action id="RerunTests">
    <keyboard-shortcut first-keystroke="shift alt r" />
  </action>
  <action id="Run" />
  <action id="SelectNextOccurrence" />
  <action id="SurroundWithLiveTemplate" />
  <action id="TypeHierarchy" />
  <action id="TypeHierarchyBase.BaseOnThisType" />
  <action id="Uml.ShowDiff" />
  <action id="Vcs.Push" />
  <action id="Vcs.UpdateProject" />
  <action id="WrapTagAction">
    <keyboard-shortcut first-keystroke="shift meta y" />
  </action>
</keymap>